{
  "Samsung Galaxy" : {
    "transaction" : "Samsung Galaxy",
    "sampleCount" : 100,
    "errorCount" : 0,
    "errorPct" : 0.0,
    "meanResTime" : 162.35999999999993,
    "medianResTime" : 124.5,
    "minResTime" : 80.0,
    "maxResTime" : 343.0,
    "pct1ResTime" : 302.5,
    "pct2ResTime" : 310.0,
    "pct3ResTime" : 342.98,
    "throughput" : 32.90556103981573,
    "receivedKBytesPerSec" : 708.5299954754853,
    "sentKBytesPerSec" : 4.209598140835801
  },
  "HomePage" : {
    "transaction" : "HomePage",
    "sampleCount" : 20,
    "errorCount" : 0,
    "errorPct" : 0.0,
    "meanResTime" : 135.8,
    "medianResTime" : 117.5,
    "minResTime" : 90.0,
    "maxResTime" : 257.0,
    "pct1ResTime" : 252.9,
    "pct2ResTime" : 256.8,
    "pct3ResTime" : 257.0,
    "throughput" : 7.730962504831852,
    "receivedKBytesPerSec" : 144.6796029425976,
    "sentKBytesPerSec" : 0.9437210088906068
  },
  "Nexus" : {
    "transaction" : "Nexus",
    "sampleCount" : 100,
    "errorCount" : 0,
    "errorPct" : 0.0,
    "meanResTime" : 166.15000000000006,
    "medianResTime" : 127.0,
    "minResTime" : 92.0,
    "maxResTime" : 417.0,
    "pct1ResTime" : 276.70000000000005,
    "pct2ResTime" : 284.79999999999995,
    "pct3ResTime" : 415.75999999999937,
    "throughput" : 31.635558367605192,
    "receivedKBytesPerSec" : 599.7771299628282,
    "sentKBytesPerSec" : 4.047127095855742
  },
  "Total" : {
    "transaction" : "Total",
    "sampleCount" : 380,
    "errorCount" : 0,
    "errorPct" : 0.0,
    "meanResTime" : 194.8763157894738,
    "medianResTime" : 129.0,
    "minResTime" : 78.0,
    "maxResTime" : 1112.0,
    "pct1ResTime" : 296.90000000000003,
    "pct2ResTime" : 416.34999999999985,
    "pct3ResTime" : 1025.94,
    "throughput" : 78.77280265339967,
    "receivedKBytesPerSec" : 1609.099481433976,
    "sentKBytesPerSec" : 9.976160862354893
  },
  "Sign In" : {
    "transaction" : "Sign In",
    "sampleCount" : 20,
    "errorCount" : 0,
    "errorPct" : 0.0,
    "meanResTime" : 156.9,
    "medianResTime" : 130.5,
    "minResTime" : 78.0,
    "maxResTime" : 296.0,
    "pct1ResTime" : 284.90000000000003,
    "pct2ResTime" : 295.5,
    "pct3ResTime" : 296.0,
    "throughput" : 46.62004662004662,
    "receivedKBytesPerSec" : 838.7374344405595,
    "sentKBytesPerSec" : 5.690923659673659
  },
  "Nokia" : {
    "transaction" : "Nokia",
    "sampleCount" : 100,
    "errorCount" : 0,
    "errorPct" : 0.0,
    "meanResTime" : 166.71999999999994,
    "medianResTime" : 127.0,
    "minResTime" : 92.0,
    "maxResTime" : 404.0,
    "pct1ResTime" : 295.0,
    "pct2ResTime" : 305.69999999999993,
    "pct3ResTime" : 403.09999999999957,
    "throughput" : 30.37667071688943,
    "receivedKBytesPerSec" : 654.0785426792224,
    "sentKBytesPerSec" : 3.8860779921020656
  },
  "Sign Up" : {
    "transaction" : "Sign Up",
    "sampleCount" : 20,
    "errorCount" : 0,
    "errorPct" : 0.0,
    "meanResTime" : 724.1999999999999,
    "medianResTime" : 731.5,
    "minResTime" : 250.0,
    "maxResTime" : 1112.0,
    "pct1ResTime" : 1072.2,
    "pct2ResTime" : 1110.15,
    "pct3ResTime" : 1112.0,
    "throughput" : 15.885623510722795,
    "receivedKBytesPerSec" : 274.2744427621128,
    "sentKBytesPerSec" : 1.939163026211279
  },
  "Cart" : {
    "transaction" : "Cart",
    "sampleCount" : 20,
    "errorCount" : 0,
    "errorPct" : 0.0,
    "meanResTime" : 209.6,
    "medianResTime" : 263.0,
    "minResTime" : 99.0,
    "maxResTime" : 298.0,
    "pct1ResTime" : 296.8,
    "pct2ResTime" : 297.95,
    "pct3ResTime" : 298.0,
    "throughput" : 7.280669821623589,
    "receivedKBytesPerSec" : 174.93089051692758,
    "sentKBytesPerSec" : 0.8816436112122316
  }
}